{"images": {"icon-large": "https://downloads.mesosphere.com/universe/assets/icon-service-kafka-large.png", "icon-small": "https://downloads.mesosphere.com/universe/assets/icon-service-kafka-small.png", "icon-medium": "https://downloads.mesosphere.com/universe/assets/icon-service-kafka-medium.png"}, "assets": {"uris": {"overrider-zip": "https://s3.amazonaws.com/downloads.mesosphere.io/kafka/assets/0.2.5-0.9.0.1/overrider.zip", "container-hook-tgz": "https://s3.amazonaws.com/downloads.mesosphere.io/kafka/assets/0.2.5-0.9.0.1/container-hook-0.2.5.tgz", "jre-tar-gz": "https://s3.amazonaws.com/downloads.mesosphere.io/kafka/assets/0.2.5-0.9.0.1/jre-8u72-linux-x64.tar.gz", "scheduler-zip": "https://s3.amazonaws.com/downloads.mesosphere.io/kafka/assets/0.2.5-0.9.0.1/scheduler.zip", "kafka_tgz": "https://s3.amazonaws.com/downloads.mesosphere.io/kafka/assets/0.2.5-0.9.0.1/kafka_2.10-0.9.0.1.tgz"}}}