{"images": {"icon-large": "https://downloads.mesosphere.com/cassandra-mesos/assets/cassandra-large.png", "icon-small": "https://downloads.mesosphere.com/cassandra-mesos/assets/cassandra-small.png", "icon-medium": "https://downloads.mesosphere.com/cassandra-mesos/assets/cassandra-medium.png"}, "assets": {"uris": {"apache-cassandra-bin-tar-gz": "https://s3.amazonaws.com/downloads.mesosphere.io/cassandra/assets/1.0.2-2.2.5/apache-cassandra-2.2.5-bin.tar.gz", "jre-tar-gz": "https://s3.amazonaws.com/downloads.mesosphere.io/cassandra/assets/1.0.2-2.2.5/server-jre-8u74-linux-x64.tar.gz", "scheduler-zip": "https://s3.amazonaws.com/downloads.mesosphere.io/cassandra/assets/1.0.2-2.2.5/scheduler.zip", "executor-zip": "https://s3.amazonaws.com/downloads.mesosphere.io/cassandra/assets/1.0.2-2.2.5/executor.zip"}}}