{"images": {"icon-large": "https://s3-us-west-2.amazonaws.com/confluent-mesos-devel/ConfIcon_large.png", "icon-small": "https://s3-us-west-2.amazonaws.com/confluent-mesos-devel/ConfIcon_small.png", "icon-medium": "https://s3-us-west-2.amazonaws.com/confluent-mesos-devel/ConfIcon_medium.png"}, "assets": {"uris": {"overrider-zip": "https://s3.amazonaws.com/downloads.mesosphere.io/kafka/assets/1.0.3-0.9.0.1/overrider.zip", "jre-tar-gz": "https://s3.amazonaws.com/downloads.mesosphere.io/kafka/assets/jre-8u72-linux-x64.tar.gz", "scheduler-zip": "https://s3.amazonaws.com/downloads.mesosphere.io/kafka/assets/1.0.2-0.9.0.1/scheduler.zip", "kafka_tgz": "https://s3-us-west-2.amazonaws.com/confluent-mesos-devel/confluent-2.0.1-mesos.tgz"}}}