{"images": {"icon-large": "https://downloads.mesosphere.com/cassandra-mesos/assets/cassandra-large.png", "icon-small": "https://downloads.mesosphere.com/cassandra-mesos/assets/cassandra-small.png", "icon-medium": "https://downloads.mesosphere.com/cassandra-mesos/assets/cassandra-medium.png"}, "assets": {"uris": {"apache-cassandra-bin-tar-gz": "https://downloads.mesosphere.com/cassandra/assets/apache-cassandra-3.0.7-bin-dcos.tar.gz", "jre-tar-gz": "https://downloads.mesosphere.com/cassandra/assets/server-jre-8u74-linux-x64.tar.gz", "scheduler-zip": "https://downloads.mesosphere.com/cassandra/assets/1.0.14-3.0.7/scheduler.zip", "executor-zip": "https://downloads.mesosphere.com/cassandra/assets/1.0.14-3.0.7/executor.zip"}}}