{"packages": [{"tags": ["arangodb", "NoSQL", "database"], "currentVersion": "0.4.0", "description": "--- LEGACY VERSION. Please use arangodb3 for new installs -- A distributed free and open-source database with a flexible data model for documents, graphs, and key-values. Build high performance applications using a convenient SQL-like query language or JavaScript extensions.", "selected": false, "name": "arangodb", "versions": {"0.4.0": "2", "0.2.1": "0", "0.3.0": "1"}, "framework": true}, {"tags": ["arangodb", "NoSQL", "database"], "currentVersion": "1.0.4", "description": "A distributed free and open-source database with a flexible data model for documents, graphs, and key-values. Build high performance applications using a convenient SQL-like query language or JavaScript extensions.", "selected": true, "name": "arangodb3", "versions": {"1.0.4": "4", "1.0.2": "2", "1.0.3": "3", "1.0.1": "1", "1.0.0": "0"}, "framework": true}, {"tags": ["loadbalancer", "service-discovery", "reverse-proxy", "adc", "analytics"], "currentVersion": "16.2", "description": "Avi Vantage ADC", "selected": false, "name": "avi", "versions": {"16.2": "1", "16.2-beta": "0"}, "framework": false}, {"tags": ["git", "bitbucket", "bit", "bucket", "vcs", "scm"], "currentVersion": "4.5", "description": "Bitbucket Server gives you secure, fast, enterprise-grade controls, like fine-grained permissions and powerful management features.", "selected": false, "name": "bitbucket", "versions": {"4.5": "0"}, "framework": false}, {"tags": ["calico", "networking", "ip-per-container", "ip-per-task", "policy"], "currentVersion": "0.1.0", "description": "Calico networking for DCOS.  Calico provides IP-per-task functionality with rich policy.  This framework optionally installs Docker multi-host networking (required for Calico with the Docker containerizer) and Agent network hooks with netmodules (required for Calico with Unified tasks).  Both installations will cause temporary restarts of an Agent causing transient task loss.  The number of agents restarted at the same time is configurable and defaults to a single concurrent restart.  At the moment, only a limited set of DCOS versions and OSes are supported - check the documentation for details.  The framework will still run on unsupported versions, in which case the Agent network hooks will not be installed and Calico networking will only be available with the Docker containerizer.", "selected": false, "name": "calico", "versions": {"0.1.0": "0"}, "framework": true}, {"tags": ["data", "database", "nosql"], "currentVersion": "1.0.15-3.0.7", "description": "Apache Cassandra running on DC/OS", "selected": true, "name": "cassandra", "versions": {"1.0.11-2.2.5": "11", "2.2.5-0.2.0": "3", "0.2.0-1": "0", "1.0.12-2.2.5": "12", "1.0.7-2.2.5": "9", "0.2.0-2": "1", "1.0.5-2.2.5": "7", "1.0.2-2.2.5": "4", "1.0.6-2.2.5": "8", "1.0.15-3.0.7": "15", "1.0.14-3.0.7": "14", "1.0.13-2.2.5": "13", "1.0.4-2.2.5": "5", "1.0.8-2.2.5": "10"}, "framework": true}, {"tags": ["cron", "analytics", "batch"], "currentVersion": "2.4.0", "description": "A fault tolerant job scheduler for Mesos which handles dependencies and ISO8601 based schedules.", "selected": true, "name": "chronos", "versions": {"2.4.0": "1"}, "framework": true}, {"tags": ["stream", "framework", "pubsub", "multi-lang"], "currentVersion": "0.3.16.4", "description": "High Performance Stream Processing with C++ and Apache Mesos", "selected": false, "name": "concord", "versions": {"0.3.16.4": "0"}, "framework": true}, {"tags": ["kafka", "confluent", "connect"], "currentVersion": "0.9.0-3.0.0", "description": "confluent-connect package", "selected": false, "name": "confluent-connect", "versions": {"0.9.0-3.0.0": "0"}, "framework": false}, {"tags": ["kafka", "confluent", "schema", "registry"], "currentVersion": "0.9.0-3.0.0", "description": "confluent-control-center package", "selected": false, "name": "confluent-control-center", "versions": {"0.9.0-3.0.0": "0"}, "framework": false}, {"tags": ["message", "broker", "pubsub", "kafka"], "currentVersion": "1.1.11-3.0.0", "description": "Apache Kafka by Confluent", "selected": true, "name": "confluent-kafka", "versions": {"1.0.1-2.0.1": "1", "1.1.11-3.0.0": "7", "1.1.4-3.0.0": "4", "1.1.9-3.0.0": "5", "1.0.3-3.0.0": "3", "2.0.1-mesos": "0", "1.0.3-2.0.1": "2"}, "framework": true}, {"tags": ["kafka", "confluent", "proxy", "rest"], "currentVersion": "0.9.0-3.0.0", "description": "Confluent Platform REST Proxy service", "selected": false, "name": "confluent-rest-proxy", "versions": {"0.9.0-3.0.0": "0"}, "framework": false}, {"tags": ["kafka", "confluent", "schema", "registry"], "currentVersion": "0.9.0-3.0.0", "description": "confluent-schema-registry package", "selected": false, "name": "confluent-schema-registry", "versions": {"0.9.0-3.0.0": "0"}, "framework": false}, {"tags": ["database", "nosql"], "currentVersion": "0.1.0", "description": "A Mesos Framework that allows running and resizing one or multiple Crate database clusters.", "selected": false, "name": "crate", "versions": {"0.1.0": "0"}, "framework": true}, {"tags": ["datadog", "monitoring"], "currentVersion": "5.8.3", "description": "Cloud-scale monitoring", "selected": false, "name": "datadog", "versions": {"5.8.3": "1", "5.4.3": "0"}, "framework": false}, {"tags": ["data", "database", "nosql"], "currentVersion": "1.0.15-5.0.0", "description": "DSE running on DCOS", "selected": true, "name": "dse", "versions": {"1.0.15-5.0.0": "1"}, "framework": true}, {"tags": ["ecr", "aws"], "currentVersion": "2.0.0", "description": "AWS ECR login utility", "selected": false, "name": "ecr-login", "versions": {"2.0.0": "1", "1.0.0": "0"}, "framework": false}, {"tags": ["elastic", "monitoring", "debug"], "currentVersion": "1.0.1", "description": "DCOS implementation of the Mesos-Elasticsearch framework", "selected": false, "name": "elasticsearch", "versions": {"1.0.1": "1", "0.7.0": "0"}, "framework": true}, {"tags": ["consensus", "distributed-coordination", "coordination"], "currentVersion": "0.0.3", "description": "A distributed consistent key-value store for shared configuration and service discovery.", "selected": false, "name": "etcd", "versions": {"0.0.3": "1", "0.0.2": "0"}, "framework": true}, {"tags": ["zookeeper"], "currentVersion": "1.0.0", "description": "ZooKeeper co-process for instance monitoring, backup/recovery, cleanup and visualization.", "selected": false, "name": "exhibitor", "versions": {"0.8.1": "0", "1.0.0": "1"}, "framework": false}, {"tags": ["gestalt-framework", "orchestration", "lambda"], "currentVersion": "0.1.0", "description": "The Gestalt Framework is a solution for building enterprise-grade cloud-native applications using containers and lambdas.", "selected": false, "name": "gestalt-framework", "versions": {"0.1.0": "0"}, "framework": true}, {"tags": ["filesystem", "hadoop", "analytics"], "currentVersion": "0.9.0-2.6.0", "description": "Hadoop Distributed File System (HDFS), Highly Available", "selected": false, "name": "hdfs", "versions": {"0.9.0-2.6.0": "5", "2.5.2-0.1.9": "4", "0.1.8": "1", "0.1.7": "0"}, "framework": true}, {"tags": ["hadoop", "filesystem", "hdfs"], "currentVersion": "0.0.1", "description": "Hue Web Interface to Hadoop", "selected": false, "name": "hue", "versions": {"0.0.1": "0"}, "framework": false}, {"tags": ["continuous-integration", "ci", "jenkins"], "currentVersion": "2.0.0-2.7.2", "description": "Jenkins is an award-winning, cross-platform, continuous integration and continuous delivery application that increases your productivity. Use Jenkins to build and test your software projects continuously making it easier for developers to integrate changes to the project, and making it easier for users to obtain a fresh build. It also allows you to continuously deliver your software by providing powerful ways to define your build pipelines and integrating with a large number of testing and deployment technologies.", "selected": true, "name": "jenkins", "versions": {"0.1.3": "0", "0.2.1": "4", "0.2.3": "8", "0.2.0": "2", "2.0.0-2.7.2": "12", "0.2.2": "5", "0.1.4": "1", "1.0.0-1.651.3": "11"}, "framework": true}, {"tags": ["message", "broker", "pubsub"], "currentVersion": "1.1.11-0.10.0.0", "description": "Apache Kafka running on DC/OS", "selected": false, "name": "kafka", "versions": {"1.0.5-0.9.0.1": "13", "0.1.0": "4", "0.2.4-0.9.0.1": "7", "1.0.2-0.9.0.1": "10", "1.1.0-0.10.0.0": "19", "0.2.0": "5", "1.0.1-0.9.0.1": "9", "1.0.8-0.10.0.0": "17", "0.9.4.0": "3", "1.1.2-0.10.0.0": "21", "1.0.3-0.9.0.1": "11", "1.1.8-0.10.0.0": "27", "1.0.7-0.9.0.1": "16", "1.1.9-0.10.0.0": "28", "1.0.9-0.10.0.0": "18", "1.1.6-0.10.0.0": "25", "1.1.3-0.10.0.0": "22", "0.9.0-0.2.2": "6", "1.1.11-0.10.0.0": "30", "1.1.7-0.10.0.0": "26", "1.0.0-0.9.0.1": "8", "1.1.1-0.10.0.0": "20", "0.9.2.0": "0", "1.0.4-0.9.0.1": "12", "1.1.5-0.10.0.0": "24", "1.0.6-0.9.0.1": "14", "1.1.4-0.10.0.0": "23"}, "framework": true}, {"tags": ["message", "broker", "messaging", "management", "kafka"], "currentVersion": "1.3.0.8", "description": "A tool for managing Apache Kafka", "selected": false, "name": "kafka-manager", "versions": {"1.3.0.8": "0"}, "framework": false}, {"tags": ["kibana", "monitoring", "logging"], "currentVersion": "4.5.3", "description": "DCOS implementation of the Kibana, running on the Elasticsearch framework.", "selected": false, "name": "kibana", "versions": {"4.5.3": "0"}, "framework": false}, {"tags": ["linkerd", "namerd", "buoyant", "loadbalancer", "service-discovery", "proxy", "microservices", "rpc"], "currentVersion": "0.7.0-0.1", "description": "A dynamic linker for microservices.", "selected": false, "name": "linkerd", "versions": {"0.7.0-0.1": "4", "0.4.0-0.1": "1", "0.6.0-0.1": "3", "0.3.1-0.1": "0", "0.5.0-0.1": "2"}, "framework": false}, {"tags": ["logstash", "monitoring", "logging", "elk"], "currentVersion": "2.3.4", "description": "DCOS implementation of the Logstash.", "selected": false, "name": "logstash", "versions": {"2.3.4": "0"}, "framework": false}, {"tags": ["init", "long-running"], "currentVersion": "1.1.1", "description": "A container orchestration platform for Mesos and DCOS.", "selected": true, "name": "marathon", "versions": {"1.1.1": "3", "0.15.5": "1", "0.11.1": "0"}, "framework": true}, {"tags": ["loadbalancer", "service-discovery", "reverse-proxy", "proxy", "haproxy"], "currentVersion": "1.3.5", "description": "HAProxy configured using Marathon state", "selected": false, "name": "marathon-lb", "versions": {"1.2.2": "5", "0.0.3-0.1": "0", "0.0.5-0.1": "2", "1.3.4": "10", "0.0.6-0.1": "3", "1.3.2": "8", "1.3.1": "7", "1.3.0": "6", "1.3.3": "9", "0.0.4-0.1": "1", "1.3.5": "11", "1.2.1": "4"}, "framework": false}, {"tags": ["database", "mysql", "mariadb", "sql"], "currentVersion": "10.1.14", "description": "MariaDB is one of the most popular database servers in the world. It\u2019s made by the original developers of MySQL and guaranteed to stay open source. Notable users include Wikipedia, Facebook and Google. MariaDB is developed as open source software and as a relational database it provides an SQL interface for accessing data. The latest versions of MariaDB also include GIS and JSON features.", "selected": false, "name": "mariadb", "versions": {"10.1.14": "0"}, "framework": false}, {"tags": ["mysql", "database", "rdbms"], "currentVersion": "0.0.1", "description": "MemSQL running on Apache Mesos. This framework provides the ability to create and manage a set of MemSQL clusters, each running with the MemSQL Ops management tool.", "selected": false, "name": "memsql", "versions": {"0.0.1": "0"}, "framework": true}, {"tags": ["inmemory", "redis"], "currentVersion": "0.0.1", "description": "Redis is the fastest in-memory KV-Cache and Datatstructure store", "selected": false, "name": "mr-redis", "versions": {"0.0.1": "0"}, "framework": true}, {"tags": ["database", "mysql", "sql"], "currentVersion": "5.7.12", "description": "MySQL is the world's most popular open source database. With its proven performance, reliability and ease-of-use, MySQL has become the leading database choice for web-based applications, covering the entire range from personal projects and websites, via e-commerce and information services, all the way to high profile web properties including Facebook, Twitter, YouTube, Yahoo! and many more.", "selected": false, "name": "mysql", "versions": {"5.7.12": "3"}, "framework": false}, {"tags": ["linkerd", "namerd", "buoyant", "loadbalancer", "service-discovery", "proxy", "microservices", "rpc"], "currentVersion": "0.7.0-0.1", "description": "A service for managing name delegation for microservices.", "selected": false, "name": "namerd", "versions": {"0.7.0-0.1": "4", "0.4.0-0.1": "1", "0.6.0-0.1": "3", "0.3.1-0.1": "0", "0.5.0-0.1": "2"}, "framework": false}, {"tags": ["netsil", "monitoring", "microservices"], "currentVersion": "0.2.29", "description": "Netsil is the monitoring and analytics product for API and microservices-driven applications.\n\nAn auto-discovered topology map of your services lets you find and fix failures faster.\n\nListen to your APIs, see your apps.", "selected": false, "name": "netsil", "versions": {"0.2.29": "0"}, "framework": false}, {"tags": ["netsil", "monitoring", "microservices", "collectors"], "currentVersion": "0.2.29", "description": "The collectors package for Netsil.", "selected": false, "name": "netsil-collectors", "versions": {"0.2.29": "0"}, "framework": false}, {"tags": ["proxy", "web-server", "cache", "reverse-proxy"], "currentVersion": "1.10.1", "description": "nginx is a high performance HTTP and reverse proxy server.", "selected": false, "name": "nginx", "versions": {"1.8.1": "1", "1.10.1": "4"}, "framework": false}, {"tags": ["vpn", "remote-access"], "currentVersion": "0.0.0-0.1", "description": "Your private path to access network resources and services securely: Server service", "selected": false, "name": "openvpn", "versions": {"0.0.0-0.1": "0"}, "framework": false}, {"tags": ["vpn", "remote-access"], "currentVersion": "0.0.0-0.1", "description": "Your private path to access network resources and services securely: Admin service.", "selected": false, "name": "openvpn-admin", "versions": {"0.0.0-0.1": "1"}, "framework": false}, {"tags": ["storage", "filesystem", "bigdata"], "currentVersion": "1.2.1", "description": "Quobyte is a software defined and fault tolerant distributed file system running on commodity hardware.", "selected": false, "name": "quobyte", "versions": {"1.2": "0", "1.2.1": "1"}, "framework": true}, {"tags": ["database", "riak", "NoSql"], "currentVersion": "0.1.1", "description": "A distributed NoSQL key-value data store that offers high availability, fault tolerance, operational simplicity, and scalability.", "selected": false, "name": "riak", "versions": {"0.1.1": "0"}, "framework": true}, {"tags": ["ruxit", "apm", "monitoring"], "currentVersion": "0.1", "description": "Cloud-native monitoring powered by artificial intelligence", "selected": false, "name": "ruxit", "versions": {"0.1": "0"}, "framework": false}, {"tags": ["bigdata", "mapreduce", "batch", "analytics"], "currentVersion": "1.0.1-2.0.0", "description": "Spark is a fast and general cluster computing system for Big Data.  Documentation: https://docs.mesosphere.com/usage/managing-services/spark/", "selected": true, "name": "spark", "versions": {"1.6.1-3": "8", "1.0.1-1.6.1-2": "14", "1.6.1-5": "10", "1.6.1-4": "9", "1.6.1": "5", "1.0.1-1.6.2": "15", "1.6.1-1": "6", "1.5.0-multi-roles-v2": "0", "1.0.1-2.0.0": "16", "1.6.1-6": "11", "1.6.0": "4", "1.0.0-1.6.1-2": "13", "1.6.1-2": "7"}, "framework": false}, {"tags": ["spark", "notebook", "spark-notebook", "interactive", "big-data", "apachespark", "data-fellas"], "currentVersion": "0.1.0", "description": "Spark Notebook package for DCOS", "selected": false, "name": "spark-notebook", "versions": {"0.1.0": "0"}, "framework": true}, {"tags": ["streaming"], "currentVersion": "0.1.0", "description": "Apache Storm is a stream processing framework.", "selected": false, "name": "storm", "versions": {"0.1.0": "0"}, "framework": true}, {"tags": ["sysdig", "sysdigcloud", "monitoring"], "currentVersion": "latest", "description": "Sysdig Cloud is the first and only monitoring, alerting, and troubleshooting solution designed from the ground up to provide unprecedented visibility into containerized infrastructures. Sysdig Cloud comes with built-in, first class support for Mesos, Marathon, and DC/OS.\n\nThis package will automatically deploy the Sysdig Cloud agent container on each Mesos Agent (aka Slave) node in your cluster. Note, for maximum functionality, including full metadata support, you'll still need to manually install the Sysdig Cloud agent container on each of your Mesos Master nodes as well. See the docs for complete instructions: http://support.sysdigcloud.com/hc/en-us/articles/207886103", "selected": false, "name": "sysdig-cloud", "versions": {"latest": "0"}, "framework": false}, {"tags": ["vamp", "canary", "testing", "autoscaling"], "currentVersion": "0.8.5", "description": "Canary test/release and autoscaling platform for DC/OS", "selected": false, "name": "vamp", "versions": {"0.8.5": "0"}, "framework": false}, {"tags": ["microservices", "visualisation", "monitoring"], "currentVersion": "0.15.0", "description": "Live visualisation, monitoring and management\n\nWeave Scope produces a live interactive map of your containerized services and applications with no coding and no instrumentation", "selected": false, "name": "weavescope", "versions": {"0.14.0": "0", "0.15.0": "1"}, "framework": false}, {"tags": ["microservices", "visualisation", "monitoring"], "currentVersion": "0.15.0", "description": "Live visualisation, monitoring and management\n\nWeave Scope produces a live interactive map of your containerized services and applications with no coding and no instrumentation", "selected": false, "name": "weavescope-probe", "versions": {"0.14.0": "0", "0.15.0": "1"}, "framework": false}, {"tags": ["nflabs", "framework", "bigdata", "spark", "notebook", "interactive"], "currentVersion": "0.5.6", "description": "Zeppelin is a web-based notebook that enables interactive data analytics", "selected": false, "name": "zeppelin", "versions": {"0.6.0": "2", "0.5.6": "3"}, "framework": true}], "version": "2.0.0"}