{"images": {"icon-large": "https://downloads.mesosphere.com/universe/assets/icon-service-kafka-large.png", "icon-small": "https://downloads.mesosphere.com/universe/assets/icon-service-kafka-small.png", "screenshots": ["https://d1vubr0evspla.cloudfront.net/img/screen-0-kafka.png"], "icon-medium": "https://downloads.mesosphere.com/universe/assets/icon-service-kafka-medium.png"}, "assets": {"uris": {"jre-8u72-linux-x64-tar-gz": "https://s3-eu-west-1.amazonaws.com/downloads.mesosphere.com/kafka/jre-8u72-linux-x64.tar.gz", "kafka_2-10-0-9-0-0-tgz": "https://s3-eu-west-1.amazonaws.com/downloads.mesosphere.com/kafka/0_9_0_0/kafka_2.10-0.9.0.0.tgz", "container-hook-0-1-0-tgz": "https://s3-eu-west-1.amazonaws.com/downloads.mesosphere.com/kafka/0_9_0_0/container-hook-0.1.0.tgz", "kafka-scheduler-0-2-0-jar": "https://s3-us-west-2.amazonaws.com/gabriel-kafka-test/kafka-scheduler-0.2.0-uber.jar", "kafka-config-overrider-0-2-0-jar": "https://s3-us-west-2.amazonaws.com/gabriel-kafka-test/kafka-config-overrider-0.2.0-uber.jar"}}}