{"images": {"icon-large": "https://downloads.mesosphere.com/datastax/assets/256x256.png", "icon-small": "https://downloads.mesosphere.com/datastax/assets/48x48.png", "icon-medium": "https://downloads.mesosphere.com/datastax/assets/96x96.png"}, "assets": {"uris": {"apache-cassandra-bin-tar-gz": "https://downloads.mesosphere.com/datastax/assets/dse-5.0.0-bin.tar.gz", "jre-tar-gz": "https://downloads.mesosphere.com/datastax/assets/server-jre-8u74-linux-x64.tar.gz", "scheduler-zip": "https://downloads.mesosphere.com/dse/assets/1.0.15-5.0.0/scheduler.zip", "executor-zip": "https://downloads.mesosphere.com/dse/assets/1.0.15-5.0.0/executor.zip"}}}