{"images": {"icon-large": "https://downloads.mesosphere.com/cassandra-mesos/assets/cassandra-large.png", "icon-small": "https://downloads.mesosphere.com/cassandra-mesos/assets/cassandra-small.png", "icon-medium": "https://downloads.mesosphere.com/cassandra-mesos/assets/cassandra-medium.png"}, "assets": {"uris": {"cassandra-mesos-0-2-0-1-tar-gz": "https://downloads.mesosphere.com/cassandra-mesos/artifacts/0.2.0-1/cassandra-mesos-0.2.0-1.tar.gz", "jre-7u76-linux-x64-tar-gz": "https://downloads.mesosphere.com/java/jre-7u76-linux-x64.tar.gz"}}}